{
    "key": "group_6264572fc01b7",
    "title": "Template Recourses - Hero Options",
    "fields": [
        {
            "key": "field_6264575927105",
            "label": "Title",
            "name": "basethemevar_trcho_title",
            "type": "text",
            "instructions": "",
            "required": 0,
            "conditional_logic": 0,
            "wrapper": {
                "width": "",
                "class": "",
                "id": ""
            },
            "default_value": "",
            "placeholder": "",
            "prepend": "",
            "append": "",
            "maxlength": ""
        },
        {
            "key": "field_6264579727106",
            "label": "Feature Post",
            "name": "basethemevar_trcho_feature_post",
            "type": "relationship",
            "instructions": "",
            "required": 0,
            "conditional_logic": 0,
            "wrapper": {
                "width": "",
                "class": "",
                "id": ""
            },
            "post_type": [
                "resource"
            ],
            "taxonomy": "",
            "filters": [
                "search"
            ],
            "elements": [
                "featured_image"
            ],
            "min": "",
            "max": 1,
            "return_format": "object"
        }
    ],
    "location": [
        [
            {
                "param": "page_template",
                "operator": "==",
                "value": "templates\/template-resources.php"
            }
        ]
    ],
    "menu_order": 0,
    "position": "normal",
    "style": "default",
    "label_placement": "top",
    "instruction_placement": "label",
    "hide_on_screen": "",
    "active": true,
    "description": "",
    "show_in_rest": 0,
    "modified": 1651010753
}